"","Stream start time","Stream URL","Stream length","Watch time","Avg viewers","Peak viewers","Followers gained","Followers per hour","Views","Views per hour","Games"
"101","Wednesday 2nd June 2021 20:38","https://sullygnome.com/channel/melina/stream/42181928605","156","390156","2501","3216","308","112","73350","26672","Just Chatting|Just_Chatting|https://static-cdn.jtvnw.net/ttv-boxart/Just%20Chatting-136x190.jpg?imenable=1&impolicy=user-profile-picture&imwidth=100"
"102","Tuesday 1st June 2021 21:10","https://sullygnome.com/channel/melina/stream/42166139661","229","815011","3559","4160","1813","453","113323","28330","Just Chatting|Just_Chatting|https://static-cdn.jtvnw.net/ttv-boxart/Just%20Chatting-136x190.jpg?imenable=1&impolicy=user-profile-picture&imwidth=100"
"103","Tuesday 1st June 2021 06:15","https://sullygnome.com/channel/melina/stream/42157557885","105","265125","2525","2973","640","320","38228","19114","Just Chatting|Just_Chatting|https://static-cdn.jtvnw.net/ttv-boxart/Just%20Chatting-136x190.jpg?imenable=1&impolicy=user-profile-picture&imwidth=100"
"104","Sunday 30th May 2021 20:03","https://sullygnome.com/channel/melina/stream/42134550237","251","1121468","4468","5287","2884","678","167025","39300","Just Chatting|Just_Chatting|https://static-cdn.jtvnw.net/ttv-boxart/Just%20Chatting-136x190.jpg?imenable=1&impolicy=user-profile-picture&imwidth=100"
"105","Saturday 29th May 2021 19:36","https://sullygnome.com/channel/melina/stream/42117898093","413","1291038","3126","4090","2216","316","205221","29317","Just Chatting|Just_Chatting|https://static-cdn.jtvnw.net/ttv-boxart/Just%20Chatting-136x190.jpg?imenable=1&impolicy=user-profile-picture&imwidth=100"
"106","Friday 28th May 2021 22:26","https://sullygnome.com/channel/melina/stream/42103324701","183","731268","3996","4874","2265","696","114150","35123","Just Chatting|Just_Chatting|https://static-cdn.jtvnw.net/ttv-boxart/Just%20Chatting-136x190.jpg?imenable=1&impolicy=user-profile-picture&imwidth=100"
"107","Friday 28th May 2021 05:17","https://sullygnome.com/channel/melina/stream/42092722493","162","281718","1739","2059","660","240","47340","17214","Just Chatting|Just_Chatting|https://static-cdn.jtvnw.net/ttv-boxart/Just%20Chatting-136x190.jpg?imenable=1&impolicy=user-profile-picture&imwidth=100"
"108","Thursday 27th May 2021 19:01","https://sullygnome.com/channel/melina/stream/42083731117","238","904162","3799","4766","1604","401","143489","35872","Just Chatting|Just_Chatting|https://static-cdn.jtvnw.net/ttv-boxart/Just%20Chatting-136x190.jpg?imenable=1&impolicy=user-profile-picture&imwidth=100"
"109","Tuesday 25th May 2021 20:02","https://sullygnome.com/channel/melina/stream/42054280669","237","802245","3385","3856","1947","486","139722","34930","Just Chatting|Just_Chatting|https://static-cdn.jtvnw.net/ttv-boxart/Just%20Chatting-136x190.jpg?imenable=1&impolicy=user-profile-picture&imwidth=100"
"110","Monday 24th May 2021 22:00","https://sullygnome.com/channel/melina/stream/42040394109","194","576568","2972","3332","1082","332","87213","26834","Just Chatting|Just_Chatting|https://static-cdn.jtvnw.net/ttv-boxart/Just%20Chatting-136x190.jpg?imenable=1&impolicy=user-profile-picture&imwidth=100"
"111","Monday 24th May 2021 05:21","https://sullygnome.com/channel/melina/stream/42030447901","173","381811","2207","2879","1302","434","54199","18066","Just Chatting|Just_Chatting|https://static-cdn.jtvnw.net/ttv-boxart/Just%20Chatting-136x190.jpg?imenable=1&impolicy=user-profile-picture&imwidth=100"
"112","Sunday 23rd May 2021 21:02","https://sullygnome.com/channel/melina/stream/42024083469","267","1237545","4635","5190","3240","720","164741","36609","Just Chatting|Just_Chatting|https://static-cdn.jtvnw.net/ttv-boxart/Just%20Chatting-136x190.jpg?imenable=1&impolicy=user-profile-picture&imwidth=100"
"113","Sunday 23rd May 2021 06:40","https://sullygnome.com/channel/melina/stream/42014593277","109","191513","1757","1951","332","166","28989","14494","Just Chatting|Just_Chatting|https://static-cdn.jtvnw.net/ttv-boxart/Just%20Chatting-136x190.jpg?imenable=1&impolicy=user-profile-picture&imwidth=100"
"114","Saturday 22nd May 2021 21:32","https://sullygnome.com/channel/melina/stream/42007169853","237","1291887","5451","6710","3491","872","166101","41525","Just Chatting|Just_Chatting|https://static-cdn.jtvnw.net/ttv-boxart/Just%20Chatting-136x190.jpg?imenable=1&impolicy=user-profile-picture&imwidth=100"
"115","Friday 21st May 2021 22:16","https://sullygnome.com/channel/melina/stream/41989429101","193","598879","3103","3585","1438","442","104044","32013","Just Chatting|Just_Chatting|https://static-cdn.jtvnw.net/ttv-boxart/Just%20Chatting-136x190.jpg?imenable=1&impolicy=user-profile-picture&imwidth=100"
"116","Friday 21st May 2021 06:13","https://sullygnome.com/channel/melina/stream/41979025005","136","419696","3086","6685","2090","836","53695","21478","Just Dance|Just_Dance|https://static-cdn.jtvnw.net/ttv-boxart/Just%20Dance-136x190.jpg?imenable=1&impolicy=user-profile-picture&imwidth=100|Just Chatting|Just_Chatting|https://static-cdn.jtvnw.net/ttv-boxart/Just%20Chatting-136x190.jpg?imenable=1&impolicy=user-profile-picture&imwidth=100"
"117","Tuesday 18th May 2021 06:03","https://sullygnome.com/channel/melina/stream/41931301245","236","594956","2521","3011","264","66","99052","24763","Just Chatting|Just_Chatting|https://static-cdn.jtvnw.net/ttv-boxart/Just%20Chatting-136x190.jpg?imenable=1&impolicy=user-profile-picture&imwidth=100|Just Dance|Just_Dance|https://static-cdn.jtvnw.net/ttv-boxart/Just%20Dance-136x190.jpg?imenable=1&impolicy=user-profile-picture&imwidth=100"
"118","Sunday 16th May 2021 20:30","https://sullygnome.com/channel/melina/stream/41908401789","269","847619","3151","3801","1726","383","140708","31268","Just Chatting|Just_Chatting|https://static-cdn.jtvnw.net/ttv-boxart/Just%20Chatting-136x190.jpg?imenable=1&impolicy=user-profile-picture&imwidth=100"
"119","Saturday 15th May 2021 05:43","https://sullygnome.com/channel/melina/stream/41879789261","151","366628","2428","3175","1146","416","50415","18332","Just Chatting|Just_Chatting|https://static-cdn.jtvnw.net/ttv-boxart/Just%20Chatting-136x190.jpg?imenable=1&impolicy=user-profile-picture&imwidth=100"
"120","Friday 14th May 2021 19:59","https://sullygnome.com/channel/melina/stream/41870159645","180","642600","3570","4129","781","260","120565","40188","Just Chatting|Just_Chatting|https://static-cdn.jtvnw.net/ttv-boxart/Just%20Chatting-136x190.jpg?imenable=1&impolicy=user-profile-picture&imwidth=100"
"121","Thursday 13th May 2021 20:04","https://sullygnome.com/channel/melina/stream/41853002045","236","881460","3735","4434","2431","607","155611","38902","Just Chatting|Just_Chatting|https://static-cdn.jtvnw.net/ttv-boxart/Just%20Chatting-136x190.jpg?imenable=1&impolicy=user-profile-picture&imwidth=100"
"122","Wednesday 12th May 2021 19:58","https://sullygnome.com/channel/melina/stream/41835963917","316","1549348","4903","6093","4201","800","215345","41018","Just Chatting|Just_Chatting|https://static-cdn.jtvnw.net/ttv-boxart/Just%20Chatting-136x190.jpg?imenable=1&impolicy=user-profile-picture&imwidth=100"
"123","Monday 10th May 2021 00:29","https://sullygnome.com/channel/melina/stream/41792393005","120","288720","2406","2698","604","302","48198","24099","Just Chatting|Just_Chatting|https://static-cdn.jtvnw.net/ttv-boxart/Just%20Chatting-136x190.jpg?imenable=1&impolicy=user-profile-picture&imwidth=100"
"124","Saturday 8th May 2021 22:30","https://sullygnome.com/channel/melina/stream/41773338525","209","647900","3100","3547","1462","417","104013","29718","Just Chatting|Just_Chatting|https://static-cdn.jtvnw.net/ttv-boxart/Just%20Chatting-136x190.jpg?imenable=1&impolicy=user-profile-picture&imwidth=100"
"125","Friday 7th May 2021 19:10","https://sullygnome.com/channel/melina/stream/41750080605","229","793943","3467","4229","2114","528","139020","34755","Just Chatting|Just_Chatting|https://static-cdn.jtvnw.net/ttv-boxart/Just%20Chatting-136x190.jpg?imenable=1&impolicy=user-profile-picture&imwidth=100"
"126","Thursday 6th May 2021 20:00","https://sullygnome.com/channel/melina/stream/41733947229","134","480926","3589","3906","1881","836","75219","33430","Just Chatting|Just_Chatting|https://static-cdn.jtvnw.net/ttv-boxart/Just%20Chatting-136x190.jpg?imenable=1&impolicy=user-profile-picture&imwidth=100"
"127","Wednesday 5th May 2021 19:58","https://sullygnome.com/channel/melina/stream/41717566445","256","1107712","4327","5017","3140","738","168214","39579","Just Chatting|Just_Chatting|https://static-cdn.jtvnw.net/ttv-boxart/Just%20Chatting-136x190.jpg?imenable=1&impolicy=user-profile-picture&imwidth=100"
"128","Tuesday 4th May 2021 19:30","https://sullygnome.com/channel/melina/stream/41700022637","284","1003372","3533","4139","2215","466","177932","37459","Just Chatting|Just_Chatting|https://static-cdn.jtvnw.net/ttv-boxart/Just%20Chatting-136x190.jpg?imenable=1&impolicy=user-profile-picture&imwidth=100"
"129","Tuesday 4th May 2021 03:29","https://sullygnome.com/channel/melina/stream/41691151933","105","235515","2243","2428","519","296","22649","12942","Just Chatting|Just_Chatting|https://static-cdn.jtvnw.net/ttv-boxart/Just%20Chatting-136x190.jpg?imenable=1&impolicy=user-profile-picture&imwidth=100"
"130","Monday 3rd May 2021 18:01","https://sullygnome.com/channel/melina/stream/41682024733","298","1107964","3718","4331","2893","578","189015","37803","Just Chatting|Just_Chatting|https://static-cdn.jtvnw.net/ttv-boxart/Just%20Chatting-136x190.jpg?imenable=1&impolicy=user-profile-picture&imwidth=100"
"131","Saturday 1st May 2021 19:59","https://sullygnome.com/channel/melina/stream/41655565837","300","1037700","3459","3917","2339","467","177646","35529","Just Chatting|Just_Chatting|https://static-cdn.jtvnw.net/ttv-boxart/Just%20Chatting-136x190.jpg?imenable=1&impolicy=user-profile-picture&imwidth=100"
"132","Thursday 29th April 2021 21:59","https://sullygnome.com/channel/melina/stream/41627574765","180","517140","2873","3457","1213","404","89839","29946","Just Chatting|Just_Chatting|https://static-cdn.jtvnw.net/ttv-boxart/Just%20Chatting-136x190.jpg?imenable=1&impolicy=user-profile-picture&imwidth=100"
"133","Wednesday 28th April 2021 20:35","https://sullygnome.com/channel/melina/stream/42454382734","234","1262196","5394","7102","2806","701","172619","43154","Just Chatting|Just_Chatting|https://static-cdn.jtvnw.net/ttv-boxart/Just%20Chatting-136x190.jpg?imenable=1&impolicy=user-profile-picture&imwidth=100"
"134","Wednesday 28th April 2021 01:02","https://sullygnome.com/channel/melina/stream/41605050445","252","407736","1618","2754","899","211","58470","13757","Just Chatting|Just_Chatting|https://static-cdn.jtvnw.net/ttv-boxart/Just%20Chatting-136x190.jpg?imenable=1&impolicy=user-profile-picture&imwidth=100|Raid: Shadow Legends|Raid_Shadow_Legends|https://static-cdn.jtvnw.net/ttv-boxart/./Raid:%20Shadow%20Legends-136x190.jpg?imenable=1&impolicy=user-profile-picture&imwidth=100"
"135","Monday 26th April 2021 20:20","https://sullygnome.com/channel/melina/stream/41589963597","204","781116","3829","5019","1186","364","91478","28147","Just Chatting|Just_Chatting|https://static-cdn.jtvnw.net/ttv-boxart/Just%20Chatting-136x190.jpg?imenable=1&impolicy=user-profile-picture&imwidth=100"
"136","Saturday 24th April 2021 19:03","https://sullygnome.com/channel/melina/stream/42418596334","401","945157","2357","2910","1406","208","186684","27656","Just Chatting|Just_Chatting|https://static-cdn.jtvnw.net/ttv-boxart/Just%20Chatting-136x190.jpg?imenable=1&impolicy=user-profile-picture&imwidth=100"
"137","Thursday 22nd April 2021 19:30","https://sullygnome.com/channel/melina/stream/41535638349","239","897684","3756","4573","2858","714","167757","41939","Just Chatting|Just_Chatting|https://static-cdn.jtvnw.net/ttv-boxart/Just%20Chatting-136x190.jpg?imenable=1&impolicy=user-profile-picture&imwidth=100"
"138","Thursday 22nd April 2021 01:04","https://sullygnome.com/channel/melina/stream/42392372910","205","422300","2060","2527","1486","424","72194","20626","Just Chatting|Just_Chatting|https://static-cdn.jtvnw.net/ttv-boxart/Just%20Chatting-136x190.jpg?imenable=1&impolicy=user-profile-picture&imwidth=100"
"139","Tuesday 20th April 2021 17:40","https://sullygnome.com/channel/melina/stream/41506053597","229","783180","3420","4717","2657","664","162507","40626","Just Chatting|Just_Chatting|https://static-cdn.jtvnw.net/ttv-boxart/Just%20Chatting-136x190.jpg?imenable=1&impolicy=user-profile-picture&imwidth=100"
"140","Monday 19th April 2021 17:44","https://sullygnome.com/channel/melina/stream/41492958765","240","2008320","8368","11094","4084","960","214468","50463","Just Chatting|Just_Chatting|https://static-cdn.jtvnw.net/ttv-boxart/Just%20Chatting-136x190.jpg?imenable=1&impolicy=user-profile-picture&imwidth=100"
"141","Sunday 18th April 2021 02:59","https://sullygnome.com/channel/melina/stream/41474179741","105","155610","1482","1593","376","214","28239","16136","Just Chatting|Just_Chatting|https://static-cdn.jtvnw.net/ttv-boxart/Just%20Chatting-136x190.jpg?imenable=1&impolicy=user-profile-picture&imwidth=100"
"142","Saturday 17th April 2021 21:56","https://sullygnome.com/channel/melina/stream/42353238238","168","686784","4088","5639","2158","719","114151","38050","Just Chatting|Just_Chatting|https://static-cdn.jtvnw.net/ttv-boxart/Just%20Chatting-136x190.jpg?imenable=1&impolicy=user-profile-picture&imwidth=100"
"143","Thursday 15th April 2021 21:57","https://sullygnome.com/channel/melina/stream/41443195293","137","377024","2752","3523","792","316","67777","27110","Just Chatting|Just_Chatting|https://static-cdn.jtvnw.net/ttv-boxart/Just%20Chatting-136x190.jpg?imenable=1&impolicy=user-profile-picture&imwidth=100"
"144","Sunday 11th April 2021 00:31","https://sullygnome.com/channel/melina/stream/41381996541","28","28336","1012","1311","325","650","18412","36824","Just Chatting|Just_Chatting|https://static-cdn.jtvnw.net/ttv-boxart/Just%20Chatting-136x190.jpg?imenable=1&impolicy=user-profile-picture&imwidth=100"
"145","Sunday 11th April 2021 00:00","https://sullygnome.com/channel/melina/stream/41381665485","0","0","714","1264","262","1048","8797","35188","Just Chatting|Just_Chatting|https://static-cdn.jtvnw.net/ttv-boxart/Just%20Chatting-136x190.jpg?imenable=1&impolicy=user-profile-picture&imwidth=100"
"146","Saturday 10th April 2021 19:52","https://sullygnome.com/channel/melina/stream/41379020109","142","421172","2966","3710","701","280","76735","30694","Just Chatting|Just_Chatting|https://static-cdn.jtvnw.net/ttv-boxart/Just%20Chatting-136x190.jpg?imenable=1&impolicy=user-profile-picture&imwidth=100"
"147","Friday 9th April 2021 22:30","https://sullygnome.com/channel/melina/stream/41366092349","104","207896","1999","2179","335","191","47983","27418","Just Chatting|Just_Chatting|https://static-cdn.jtvnw.net/ttv-boxart/Just%20Chatting-136x190.jpg?imenable=1&impolicy=user-profile-picture&imwidth=100"
"148","Friday 9th April 2021 17:50","https://sullygnome.com/channel/melina/stream/41362535869","189","826875","4375","5206","1377","423","134767","41466","Just Chatting|Just_Chatting|https://static-cdn.jtvnw.net/ttv-boxart/Just%20Chatting-136x190.jpg?imenable=1&impolicy=user-profile-picture&imwidth=100"
"149","Thursday 8th April 2021 23:44","https://sullygnome.com/channel/melina/stream/41353217181","90","176760","1964","2700","342","228","27478","18318","Just Chatting|Just_Chatting|https://static-cdn.jtvnw.net/ttv-boxart/Just%20Chatting-136x190.jpg?imenable=1&impolicy=user-profile-picture&imwidth=100"
"150","Thursday 8th April 2021 22:08","https://sullygnome.com/channel/melina/stream/41352252925","51","140250","2750","4133","413","413","19696","19696","Just Chatting|Just_Chatting|https://static-cdn.jtvnw.net/ttv-boxart/Just%20Chatting-136x190.jpg?imenable=1&impolicy=user-profile-picture&imwidth=100"
"151","Thursday 8th April 2021 00:49","https://sullygnome.com/channel/melina/stream/41341046605","205","588555","2871","4383","1266","361","64125","18321","Just Chatting|Just_Chatting|https://static-cdn.jtvnw.net/ttv-boxart/Just%20Chatting-136x190.jpg?imenable=1&impolicy=user-profile-picture&imwidth=100"
"152","Tuesday 6th April 2021 19:29","https://sullygnome.com/channel/melina/stream/41324490429","60","183720","3062","3438","248","248","42593","42593","Just Chatting|Just_Chatting|https://static-cdn.jtvnw.net/ttv-boxart/Just%20Chatting-136x190.jpg?imenable=1&impolicy=user-profile-picture&imwidth=100"
"153","Monday 5th April 2021 20:23","https://sullygnome.com/channel/melina/stream/41312191341","276","1347432","4882","7847","2360","496","163523","34425","Just Chatting|Just_Chatting|https://static-cdn.jtvnw.net/ttv-boxart/Just%20Chatting-136x190.jpg?imenable=1&impolicy=user-profile-picture&imwidth=100"
"154","Saturday 3rd April 2021 20:07","https://sullygnome.com/channel/melina/stream/41286004957","277","881968","3184","5365","1151","242","136903","28821","Just Chatting|Just_Chatting|https://static-cdn.jtvnw.net/ttv-boxart/Just%20Chatting-136x190.jpg?imenable=1&impolicy=user-profile-picture&imwidth=100"
"155","Friday 2nd April 2021 22:02","https://sullygnome.com/channel/melina/stream/41273068477","162","397548","2454","4154","11109","4039","69324","25208","Just Chatting|Just_Chatting|https://static-cdn.jtvnw.net/ttv-boxart/Just%20Chatting-136x190.jpg?imenable=1&impolicy=user-profile-picture&imwidth=100"
"156","Thursday 1st April 2021 21:17","https://sullygnome.com/channel/melina/stream/41257788413","42","82530","1965","2365","115","153","11669","15558","Just Chatting|Just_Chatting|https://static-cdn.jtvnw.net/ttv-boxart/Just%20Chatting-136x190.jpg?imenable=1&impolicy=user-profile-picture&imwidth=100"
"157","Thursday 1st April 2021 18:01","https://sullygnome.com/channel/melina/stream/41255233421","163","564632","3464","4319","967","351","91720","33352","Just Chatting|Just_Chatting|https://static-cdn.jtvnw.net/ttv-boxart/Just%20Chatting-136x190.jpg?imenable=1&impolicy=user-profile-picture&imwidth=100"
"158","Thursday 1st April 2021 01:07","https://sullygnome.com/channel/melina/stream/41246487549","97","157722","1626","1972","374","213","21185","12105","Just Chatting|Just_Chatting|https://static-cdn.jtvnw.net/ttv-boxart/Just%20Chatting-136x190.jpg?imenable=1&impolicy=user-profile-picture&imwidth=100"
"159","Wednesday 31st March 2021 14:10","https://sullygnome.com/channel/melina/stream/41239040141","214","831176","3884","5080","936","249","112857","30095","Just Chatting|Just_Chatting|https://static-cdn.jtvnw.net/ttv-boxart/Just%20Chatting-136x190.jpg?imenable=1&impolicy=user-profile-picture&imwidth=100"
"160","Tuesday 30th March 2021 20:46","https://sullygnome.com/channel/melina/stream/41230118093","193","718153","3721","6430","1113","371","95028","31676","Just Chatting|Just_Chatting|https://static-cdn.jtvnw.net/ttv-boxart/Just%20Chatting-136x190.jpg?imenable=1&impolicy=user-profile-picture&imwidth=100"
"161","Saturday 27th March 2021 14:24","https://sullygnome.com/channel/melina/stream/41184940413","200","656400","3282","4026","1017","290","103036","29438","Just Chatting|Just_Chatting|https://static-cdn.jtvnw.net/ttv-boxart/Just%20Chatting-136x190.jpg?imenable=1&impolicy=user-profile-picture&imwidth=100"
"162","Friday 26th March 2021 13:53","https://sullygnome.com/channel/melina/stream/41169603421","291","796467","2737","3881","1185","237","119418","23883","Just Chatting|Just_Chatting|https://static-cdn.jtvnw.net/ttv-boxart/Just%20Chatting-136x190.jpg?imenable=1&impolicy=user-profile-picture&imwidth=100"
"163","Thursday 25th March 2021 16:30","https://sullygnome.com/channel/melina/stream/41157551421","149","372053","2497","2899","488","195","53023","21209","Just Chatting|Just_Chatting|https://static-cdn.jtvnw.net/ttv-boxart/Just%20Chatting-136x190.jpg?imenable=1&impolicy=user-profile-picture&imwidth=100"
"164","Wednesday 24th March 2021 20:00","https://sullygnome.com/channel/melina/stream/42090570062","194","391686","2019","2413","496","152","78838","24257","Just Chatting|Just_Chatting|https://static-cdn.jtvnw.net/ttv-boxart/Just%20Chatting-136x190.jpg?imenable=1&impolicy=user-profile-picture&imwidth=100"
"165","Wednesday 24th March 2021 14:26","https://sullygnome.com/channel/melina/stream/42087088862","228","733248","3216","4197","1054","263","95982","23995","Just Chatting|Just_Chatting|https://static-cdn.jtvnw.net/ttv-boxart/Just%20Chatting-136x190.jpg?imenable=1&impolicy=user-profile-picture&imwidth=100"
"166","Tuesday 23rd March 2021 13:43","https://sullygnome.com/channel/melina/stream/42075159918","181","790970","4370","5540","1284","395","100250","30846","Just Chatting|Just_Chatting|https://static-cdn.jtvnw.net/ttv-boxart/Just%20Chatting-136x190.jpg?imenable=1&impolicy=user-profile-picture&imwidth=100"
"167","Sunday 21st March 2021 12:15","https://sullygnome.com/channel/melina/stream/41105006973","180","533520","2964","3412","848","260","79351","24415","Just Chatting|Just_Chatting|https://static-cdn.jtvnw.net/ttv-boxart/Just%20Chatting-136x190.jpg?imenable=1&impolicy=user-profile-picture&imwidth=100"
"168","Saturday 20th March 2021 14:01","https://sullygnome.com/channel/melina/stream/41091377773","433","888949","2053","2793","431","59","165539","22832","Just Chatting|Just_Chatting|https://static-cdn.jtvnw.net/ttv-boxart/Just%20Chatting-136x190.jpg?imenable=1&impolicy=user-profile-picture&imwidth=100"
"169","Friday 19th March 2021 14:09","https://sullygnome.com/channel/melina/stream/41076572829","185","634735","3431","4273","586","180","83395","25660","Just Chatting|Just_Chatting|https://static-cdn.jtvnw.net/ttv-boxart/Just%20Chatting-136x190.jpg?imenable=1&impolicy=user-profile-picture&imwidth=100"
"170","Thursday 18th March 2021 14:04","https://sullygnome.com/channel/melina/stream/41063089181","265","1128370","4258","5688","1594","375","113863","26791","Just Chatting|Just_Chatting|https://static-cdn.jtvnw.net/ttv-boxart/Just%20Chatting-136x190.jpg?imenable=1&impolicy=user-profile-picture&imwidth=100"
"171","Tuesday 16th March 2021 14:06","https://sullygnome.com/channel/melina/stream/41036879885","233","658225","2825","4427","601","150","92345","23086","Just Chatting|Just_Chatting|https://static-cdn.jtvnw.net/ttv-boxart/Just%20Chatting-136x190.jpg?imenable=1&impolicy=user-profile-picture&imwidth=100"
"172","Monday 15th March 2021 15:00","https://sullygnome.com/channel/melina/stream/41024100637","179","427989","2391","2801","520","173","82552","27517","Just Chatting|Just_Chatting|https://static-cdn.jtvnw.net/ttv-boxart/Just%20Chatting-136x190.jpg?imenable=1&impolicy=user-profile-picture&imwidth=100"
"173","Saturday 13th March 2021 14:03","https://sullygnome.com/channel/melina/stream/40996628413","236","1033444","4379","5201","1609","402","127579","31894","Just Chatting|Just_Chatting|https://static-cdn.jtvnw.net/ttv-boxart/Just%20Chatting-136x190.jpg?imenable=1&impolicy=user-profile-picture&imwidth=100"
"174","Thursday 11th March 2021 15:20","https://sullygnome.com/channel/melina/stream/40969869469","279","926559","3321","3798","1239","260","135798","28589","Just Chatting|Just_Chatting|https://static-cdn.jtvnw.net/ttv-boxart/Just%20Chatting-136x190.jpg?imenable=1&impolicy=user-profile-picture&imwidth=100"
"175","Wednesday 10th March 2021 13:10","https://sullygnome.com/channel/melina/stream/40955983581","364","1096004","3011","4270","1865","298","149189","23870","Just Chatting|Just_Chatting|https://static-cdn.jtvnw.net/ttv-boxart/Just%20Chatting-136x190.jpg?imenable=1&impolicy=user-profile-picture&imwidth=100"
"176","Tuesday 9th March 2021 15:03","https://sullygnome.com/channel/melina/stream/40943826141","236","737264","3124","3947","1457","364","96904","24226","Just Chatting|Just_Chatting|https://static-cdn.jtvnw.net/ttv-boxart/Just%20Chatting-136x190.jpg?imenable=1&impolicy=user-profile-picture&imwidth=100"
"177","Monday 8th March 2021 12:01","https://sullygnome.com/channel/melina/stream/40930520365","298","684208","2296","3624","518","109","108304","22800","Just Chatting|Just_Chatting|https://static-cdn.jtvnw.net/ttv-boxart/Just%20Chatting-136x190.jpg?imenable=1&impolicy=user-profile-picture&imwidth=100"
"178","Sunday 7th March 2021 13:19","https://sullygnome.com/channel/melina/stream/40918770589","385","1303610","3386","4064","1047","161","161391","24829","Just Chatting|Just_Chatting|https://static-cdn.jtvnw.net/ttv-boxart/Just%20Chatting-136x190.jpg?imenable=1&impolicy=user-profile-picture&imwidth=100"
"179","Saturday 6th March 2021 15:57","https://sullygnome.com/channel/melina/stream/40906500221","77","98406","1278","1594","151","100","25468","16978","Just Chatting|Just_Chatting|https://static-cdn.jtvnw.net/ttv-boxart/Just%20Chatting-136x190.jpg?imenable=1&impolicy=user-profile-picture&imwidth=100"
"180","Friday 5th March 2021 12:59","https://sullygnome.com/channel/melina/stream/40886946349","345","890445","2581","3144","749","130","116462","20254","Just Chatting|Just_Chatting|https://static-cdn.jtvnw.net/ttv-boxart/Just%20Chatting-136x190.jpg?imenable=1&impolicy=user-profile-picture&imwidth=100"
"181","Thursday 4th March 2021 15:28","https://sullygnome.com/channel/melina/stream/40868920013","31","38130","1230","2236","60","80","7133","9510","Just Chatting|Just_Chatting|https://static-cdn.jtvnw.net/ttv-boxart/Just%20Chatting-136x190.jpg?imenable=1&impolicy=user-profile-picture&imwidth=100"
"182","Tuesday 2nd March 2021 14:04","https://sullygnome.com/channel/melina/stream/40828327373","505","1309970","2594","3291","1118","131","157700","18552","Just Chatting|Just_Chatting|https://static-cdn.jtvnw.net/ttv-boxart/Just%20Chatting-136x190.jpg?imenable=1&impolicy=user-profile-picture&imwidth=100"
"183","Monday 1st March 2021 13:33","https://sullygnome.com/channel/melina/stream/40809679005","206","592250","2875","3317","710","202","99673","28478","Just Chatting|Just_Chatting|https://static-cdn.jtvnw.net/ttv-boxart/Just%20Chatting-136x190.jpg?imenable=1&impolicy=user-profile-picture&imwidth=100"
"184","Sunday 28th February 2021 13:37","https://sullygnome.com/channel/melina/stream/40795881837","202","586810","2905","3215","490","140","96709","27631","Just Chatting|Just_Chatting|https://static-cdn.jtvnw.net/ttv-boxart/Just%20Chatting-136x190.jpg?imenable=1&impolicy=user-profile-picture&imwidth=100"
"185","Saturday 27th February 2021 14:16","https://sullygnome.com/channel/melina/stream/40780552797","238","830382","3489","4489","609","152","114265","28566","Just Chatting|Just_Chatting|https://static-cdn.jtvnw.net/ttv-boxart/Just%20Chatting-136x190.jpg?imenable=1&impolicy=user-profile-picture&imwidth=100"
"186","Friday 26th February 2021 13:02","https://sullygnome.com/channel/melina/stream/40763799709","297","707157","2381","3157","576","115","97140","19428","Just Chatting|Just_Chatting|https://static-cdn.jtvnw.net/ttv-boxart/Just%20Chatting-136x190.jpg?imenable=1&impolicy=user-profile-picture&imwidth=100"
"187","Wednesday 24th February 2021 14:01","https://sullygnome.com/channel/melina/stream/40735360765","328","972192","2964","3527","1249","227","156945","28535","Just Chatting|Just_Chatting|https://static-cdn.jtvnw.net/ttv-boxart/Just%20Chatting-136x190.jpg?imenable=1&impolicy=user-profile-picture&imwidth=100"
"188","Monday 22nd February 2021 13:48","https://sullygnome.com/channel/melina/stream/40706295565","191","662388","3468","4473","776","238","102751","31615","Just Chatting|Just_Chatting|https://static-cdn.jtvnw.net/ttv-boxart/Just%20Chatting-136x190.jpg?imenable=1&impolicy=user-profile-picture&imwidth=100"
"189","Sunday 21st February 2021 12:09","https://sullygnome.com/channel/melina/stream/40691128061","305","987895","3239","4026","1558","296","147519","28098","Just Chatting|Just_Chatting|https://static-cdn.jtvnw.net/ttv-boxart/Just%20Chatting-136x190.jpg?imenable=1&impolicy=user-profile-picture&imwidth=100"
"190","Saturday 20th February 2021 14:05","https://sullygnome.com/channel/melina/stream/40676287853","234","737568","3152","4105","1685","421","122878","30719","Just Chatting|Just_Chatting|https://static-cdn.jtvnw.net/ttv-boxart/Just%20Chatting-136x190.jpg?imenable=1&impolicy=user-profile-picture&imwidth=100"
"191","Friday 19th February 2021 12:07","https://sullygnome.com/channel/melina/stream/40658864093","337","1184218","3514","5047","1270","220","149670","26029","Just Chatting|Just_Chatting|https://static-cdn.jtvnw.net/ttv-boxart/Just%20Chatting-136x190.jpg?imenable=1&impolicy=user-profile-picture&imwidth=100"
"192","Thursday 18th February 2021 16:47","https://sullygnome.com/channel/melina/stream/40646768973","177","494361","2793","3223","826","275","93243","31081","Just Chatting|Just_Chatting|https://static-cdn.jtvnw.net/ttv-boxart/Just%20Chatting-136x190.jpg?imenable=1&impolicy=user-profile-picture&imwidth=100"
"193","Wednesday 17th February 2021 16:58","https://sullygnome.com/channel/melina/stream/40632198829","46","58512","1272","1796","57","57","20534","20534","Just Chatting|Just_Chatting|https://static-cdn.jtvnw.net/ttv-boxart/Just%20Chatting-136x190.jpg?imenable=1&impolicy=user-profile-picture&imwidth=100"
"194","Wednesday 17th February 2021 11:16","https://sullygnome.com/channel/melina/stream/40628578717","238","1040060","4370","5415","2230","557","105846","26461","Just Chatting|Just_Chatting|https://static-cdn.jtvnw.net/ttv-boxart/Just%20Chatting-136x190.jpg?imenable=1&impolicy=user-profile-picture&imwidth=100"
"195","Tuesday 16th February 2021 17:49","https://sullygnome.com/channel/melina/stream/40618261693","130","273260","2102","2325","238","105","63468","28208","Just Chatting|Just_Chatting|https://static-cdn.jtvnw.net/ttv-boxart/Just%20Chatting-136x190.jpg?imenable=1&impolicy=user-profile-picture&imwidth=100"
"196","Tuesday 16th February 2021 13:01","https://sullygnome.com/channel/melina/stream/40614760717","148","595108","4021","5025","438","175","77712","31084","Just Chatting|Just_Chatting|https://static-cdn.jtvnw.net/ttv-boxart/Just%20Chatting-136x190.jpg?imenable=1&impolicy=user-profile-picture&imwidth=100"
"197","Monday 15th February 2021 13:31","https://sullygnome.com/channel/melina/stream/41715099454","298","1215840","4080","5102","2569","513","165058","33011","Just Chatting|Just_Chatting|https://static-cdn.jtvnw.net/ttv-boxart/Just%20Chatting-136x190.jpg?imenable=1&impolicy=user-profile-picture&imwidth=100"
"198","Sunday 14th February 2021 21:00","https://sullygnome.com/channel/melina/stream/41109107884","89","227128","2552","2952","462","308","40514","27009","Just Chatting|Just_Chatting|https://static-cdn.jtvnw.net/ttv-boxart/Just%20Chatting-136x190.jpg?imenable=1&impolicy=user-profile-picture&imwidth=100"
"199","Saturday 13th February 2021 19:40","https://sullygnome.com/channel/melina/stream/40575896093","274","471554","1721","4158","38","8","87859","18496","Just Chatting|Just_Chatting|https://static-cdn.jtvnw.net/ttv-boxart/Just%20Chatting-136x190.jpg?imenable=1&impolicy=user-profile-picture&imwidth=100"
"200","Saturday 13th February 2021 12:24","https://sullygnome.com/channel/melina/stream/40569855741","230","527160","2292","2876","758","189","81910","20477","Just Chatting|Just_Chatting|https://static-cdn.jtvnw.net/ttv-boxart/Just%20Chatting-136x190.jpg?imenable=1&impolicy=user-profile-picture&imwidth=100"